,filename,age
0,nad007_color_image0.jpg,0
1,NAD133_color_image0.jpg,2
2,NAD109_color_image0.jpg,3
3,NAD129_color_image0.jpg,3
4,nad076_color_image0.jpg,4
5,NAD143_color_image0.jpg,5
6,NAD132_color_image0.jpg,6
7,NAD136_color_image0.jpg,7
8,NAD137_color_image0.jpg,7
9,NAD121_color_image0.jpg,8
10,NAD146_color_image0.jpg,8
11,NAD127_color_image0.jpg,9
12,NAD115_color_image0.jpg,10
13,NAD154_color_image0.jpg,10
14,nad074_color_image0.jpg,11
15,NAD141_color_image0.jpg,11
16,NAD145_color_image0.jpg,11
17,NAD160_color_image0.jpg,11
18,nad38_color_image0.jpg,12
19,nad52_color_image0.jpg,12
20,NAD164_color_image0.jpg,12
21,nad13_color_image0.jpg,13
22,nad60_color_image0.jpg,13
23,nad079_color_image0.jpg,13
24,NAD098_color_image0.jpg,13
25,NAD111_color_image0.jpg,13
26,NAD142_color_image0.jpg,13
27,NAD171_color_image0.jpg,13
28,nad21_color_image0.jpg,14
29,NAD131_color_image0.jpg,14
30,NAD150_color_image0.jpg,14
31,NAD158_color_image0.jpg,14
32,NAD174_color_image0.jpg,14
33,NAD179-1_color_image0.jpg,14
34,nad16_color_image0.jpg,15
35,nad63_color_image0.jpg,15
36,nad078_color_image0.jpg,15
37,nad22_color_image0.jpg,16
38,nad30_color_image0.jpg,16
39,NAD077_color_image0.jpg,16
40,NAD094_color_image0.jpg,16
41,NAD118_color_image0.jpg,16
42,NAD151_color_image0.jpg,16
43,NAD157_color_image0.jpg,16
44,nad003_color_image0.jpg,17
45,nad45_color_image0.jpg,17
46,nad47_color_image0.jpg,17
47,nad48_color_image0.jpg,17
48,NAD65_color_image0.jpg,17
49,NAD097_color_image0.jpg,17
50,NAD114_color_image0.jpg,17
51,NAD120_color_image0.jpg,17
52,NAD156_color_image0.jpg,17
53,nad002_color_image0.jpg,18
54,nad009_color_image0.jpg,18
55,NAD085_color_image0.jpg,18
56,NAD090_color_image0.jpg,18
57,NAD172_color_image0.jpg,18
58,nad11_color_image0.jpg,19
59,NAD15_color_image0.jpg,19
60,nad19-1_color_image0.jpg,19
61,nad23_color_image0.jpg,19
62,nad25_color_image0.jpg,19
63,nad33_color_image0.jpg,19
64,nad40_color_image0.jpg,19
65,nad53_color_image0.jpg,19
66,NAD084_color_image0.jpg,19
67,NAD103_color_image0.jpg,19
68,NAD119_color_image0.jpg,19
69,NAD124_color_image0.jpg,19
70,NAD135_color_image0.jpg,19
71,NAD165_color_image0.jpg,19
72,nad001_color_image0.jpg,20
73,nad004_color_image0.jpg,20
74,nad005_color_image0.jpg,20
75,nad24_color_image0.jpg,20
76,nad27_color_image0.jpg,20
77,nad34_color_image0.jpg,20
78,nad57_color_image0.jpg,20
79,NAD58_color_image0.jpg,20
80,nad66_color_image0.jpg,20
81,nad67_color_image0.jpg,20
82,nad69_color_image0.jpg,20
83,nad073_color_image0.jpg,20
84,nad080_color_image0.jpg,20
85,NAD088_color_image0.jpg,20
86,NAD112_color_image0.jpg,20
87,NAD113_color_image0.jpg,20
88,NAD122_color_image0.jpg,20
89,NAD152_color_image0.jpg,20
90,NAD153_color_image0.jpg,20
91,NAD155_color_image0.jpg,20
92,nad20_color_image0.jpg,21
93,nad59_color_image0.jpg,21
94,NAD126_color_image0.jpg,21
95,NAD138_color_image0.jpg,21
96,NAD159_color_image0.jpg,21
97,nad10_color_image0.jpg,22
98,nad12_color_image0.jpg,22
99,nad32_color_image0.jpg,22
100,nad43_color_image0.jpg,22
101,nad54_color_image0.jpg,22
102,NAD092_color_image0.jpg,22
103,nad093_color_image0.jpg,22
104,NAD125_color_image0.jpg,22
105,NAD130_color_image0.jpg,22
106,nad14_color_image0.jpg,23
107,NAD091_color_image0.jpg,23
108,NAD102_color_image0.jpg,23
109,NAD107_color_image0.jpg,23
110,NAD168_color_image0.jpg,23
111,nad29_color_image0.jpg,24
112,NAD166_color_image0.jpg,24
113,nad18_color_image0.jpg,25
114,nad31_color_image0.jpg,25
115,nad51_color_image0.jpg,25
116,NAD087_color_image0.jpg,25
117,NAD110_color_image0.jpg,25
118,NAD170_color_image0.jpg,25
119,nad41_color_image0.jpg,26
120,nad46_color_image0.jpg,26
121,nad50_color_image0.jpg,26
122,nad68_color_image0.jpg,26
123,NAD148_color_image0.jpg,26
124,NAD167_color_image0.jpg,26
125,NAD089_color_image0.jpg,27
126,NAD104_color_image0.jpg,27
127,NAD161_color_image0.jpg,27
128,nad39_color_image0.jpg,28
129,nad42_color_image0.jpg,28
130,nad44_color_image0.jpg,28
131,NAD095_color_image0.jpg,28
132,NAD096_color_image0.jpg,28
133,NAD108_color_image0.jpg,28
134,nad35_color_image0.jpg,29
135,nad55_color_image0.jpg,29
136,NAD140_color_image0.jpg,29
137,NAD144_color_image0.jpg,29
138,nad072_color_image0.jpg,30
139,NAD101_color_image0.jpg,30
140,nad116_color_image0.jpg,31
141,NAD128_color_image0.jpg,32
142,nad26_color_image0.jpg,33
143,NAD162_color_image0.jpg,34
144,NAD175_color_image0.jpg,34
145,nad008_color_image0.jpg,35
146,nad075_color_image0.jpg,35
147,nad37_color_image0.jpg,36
148,nad36_color_image0.jpg,37
149,NAD123_color_image0.jpg,39
150,NAD163_color_image0.jpg,41
